 Sample Name, Marker, Allele 1, Allele 2, Allele 3, Allele 4,,,,,,,,,,,,, 
 E+.M100535.POS.AMP.CTRL., D8S1179,12,13,14, ,,,,,,,,,,,,, 
 E+.M100535.POS.AMP.CTRL., D21S11,29,30, , ,,,,,,,,,,,,, 
 E+.M100535.POS.AMP.CTRL., D7S820,9,10,11, ,,,,,,,,,,,,, 
 E+.M100535.POS.AMP.CTRL., CSF1PO,9,10,11,12,,,,,,,,,,,,, 
 E+.M100535.POS.AMP.CTRL., D3S1358,13,14,15, ,,,,,,,,,,,,, 
 E+.M100535.POS.AMP.CTRL., TH01,7,8,9.3, ,,,,,,,,,,,,, 
 E+.M100535.POS.AMP.CTRL., D13S317,10,11, , ,,,,,,,,,,,,, 
 E+.M100535.POS.AMP.CTRL., D16S539,10,11,12, ,,,,,,,,,,,,, 
 E+.M100535.POS.AMP.CTRL., D2S1338,18,19,22,23,,,,,,,,,,,,, 
 E+.M100535.POS.AMP.CTRL., D19S433,13,14,15, ,,,,,,,,,,,,, 
 E+.M100535.POS.AMP.CTRL., vWA,16,17,18, ,,,,,,,,,,,,, 
 E+.M100535.POS.AMP.CTRL., TPOX,7,8, , ,,,,,,,,,,,,, 
 E+.M100535.POS.AMP.CTRL., D18S51,14,15,18,19,,,,,,,,,,,,, 
 E+.M100535.POS.AMP.CTRL., AMEL, X, , , ,,,,,,,,,,,,, 
 E+.M100535.POS.AMP.CTRL., D5S818,10,11, , ,,,,,,,,,,,,, 
 E+.M100535.POS.AMP.CTRL., FGA,22,23,24, ,,,,,,,,,,,,, 
 R+.M100535.POS.AMP.CTRL., D8S1179,12,13,14, ,,,,,,,,,,,,, 
 R+.M100535.POS.AMP.CTRL., D21S11,29,30, , ,,,,,,,,,,,,, 
 R+.M100535.POS.AMP.CTRL., D7S820,9,10,11, ,,,,,,,,,,,,, 
 R+.M100535.POS.AMP.CTRL., CSF1PO,9,10,11,12,,,,,,,,,,,,, 
 R+.M100535.POS.AMP.CTRL., D3S1358,13,14,15, ,,,,,,,,,,,,, 
 R+.M100535.POS.AMP.CTRL., TH01,7,8,9.3, ,,,,,,,,,,,,, 
 R+.M100535.POS.AMP.CTRL., D13S317,10,11, , ,,,,,,,,,,,,, 
 R+.M100535.POS.AMP.CTRL., D16S539,10,11,12, ,,,,,,,,,,,,, 
 R+.M100535.POS.AMP.CTRL., D2S1338,18,19,22,23,,,,,,,,,,,,, 
 R+.M100535.POS.AMP.CTRL., D19S433,13,14,15, ,,,,,,,,,,,,, 
 R+.M100535.POS.AMP.CTRL., vWA,16,17,18, ,,,,,,,,,,,,, 
 R+.M100535.POS.AMP.CTRL., TPOX,7,8, , ,,,,,,,,,,,,, 
 R+.M100535.POS.AMP.CTRL., D18S51,14,15,18,19,,,,,,,,,,,,, 
 R+.M100535.POS.AMP.CTRL., AMEL, X, , , ,,,,,,,,,,,,, 
 R+.M100535.POS.AMP.CTRL., D5S818,10,11, , ,,,,,,,,,,,,, 
 R+.M100535.POS.AMP.CTRL., FGA,22,23,24, ,,,,,,,,,,,,, 
 C+.POS.AMP.CTRL., TH01,8,9.3, , ,,,,,,,,,,,,, 
 C+.POS.AMP.CTRL., D13S317,10,11, , ,,,,,,,,,,,,, 
 C+.POS.AMP.CTRL., D16S539,10,11,12, ,,,,,,,,,,,,, 
 C+.POS.AMP.CTRL., D2S1338,18,19,22,23,,,,,,,,,,,,, 
 C+.POS.AMP.CTRL., D19S433,13,14,15, ,,,,,,,,,,,,, 
 C+.POS.AMP.CTRL., vWA,16,17,18, ,,,,,,,,,,,,, 
 C+.POS.AMP.CTRL., TPOX,7,8, , ,,,,,,,,,,,,, 
 C+.POS.AMP.CTRL., D18S51,14,15,18,19,,,,,,,,,,,,, 
 C+.POS.AMP.CTRL., AMEL, X, , , ,,,,,,,,,,,,, 
 C+.POS.AMP.CTRL., D5S818,10,11, , ,,,,,,,,,,,,, 
 C+.POS.AMP.CTRL., FGA,23,24, , ,,,,,,,,,,,,, 
 C+.POS.AMP.CTRL., D8S1179,12,13,14, ,,,,,,,,,,,,, 
 C+.POS.AMP.CTRL., D21S11,29,30,31, ,,,,,,,,,,,,, 
 C+.POS.AMP.CTRL., D7S820,10,11, , ,,,,,,,,,,,,, 
 C+.POS.AMP.CTRL., CSF1PO,10,12, , ,,,,,,,,,,,,, 
 C+.POS.AMP.CTRL., D3S1358,13,14,15, ,,,,,,,,,,,,, 
 R+.POS.AMP.CTRL., D8S1179,12,13, , ,,,,,,,,,,,,, 
 R+.POS.AMP.CTRL., D21S11,29,30, , ,,,,,,,,,,,,, 
 R+.POS.AMP.CTRL., D7S820,10,11, , ,,,,,,,,,,,,, 
 R+.POS.AMP.CTRL., CSF1PO,9,10,11,12,,,,,,,,,,,,, 
 R+.POS.AMP.CTRL., D3S1358,13,14,15, ,,,,,,,,,,,,, 
 R+.POS.AMP.CTRL., TH01,8,9.3, , ,,,,,,,,,,,,, 
 R+.POS.AMP.CTRL., D13S317,10,11, , ,,,,,,,,,,,,, 
 R+.POS.AMP.CTRL., D16S539,10,11,12, ,,,,,,,,,,,,, 
 R+.POS.AMP.CTRL., D2S1338,18,19,22,23,,,,,,,,,,,,, 
 R+.POS.AMP.CTRL., D19S433,13,14,15, ,,,,,,,,,,,,, 
 R+.POS.AMP.CTRL., vWA,16,17,18, ,,,,,,,,,,,,, 
 R+.POS.AMP.CTRL., TPOX,7,8, , ,,,,,,,,,,,,, 
 R+.POS.AMP.CTRL., D18S51,14,15,18,19,,,,,,,,,,,,, 
 R+.POS.AMP.CTRL., AMEL, X, , , ,,,,,,,,,,,,, 
 R+.POS.AMP.CTRL., D5S818,10,11, , ,,,,,,,,,,,,, 
 R+.POS.AMP.CTRL., FGA,22,23,24, ,,,,,,,,,,,,, 
 S+.POS.AMP.CTRL., D5S818,10,11, , ,,,,,,,,,,,,, 
 S+.POS.AMP.CTRL., FGA,22,23,24, ,,,,,,,,,,,,, 
 S+.POS.AMP.CTRL., D8S1179,12,13,14, ,,,,,,,,,,,,, 
 S+.POS.AMP.CTRL., D21S11,29,30,31, ,,,,,,,,,,,,, 
 S+.POS.AMP.CTRL., D7S820,9,10,11, ,,,,,,,,,,,,, 
 S+.POS.AMP.CTRL., CSF1PO,9,10,11,12,,,,,,,,,,,,, 
 S+.POS.AMP.CTRL., D3S1358,13,14,15, ,,,,,,,,,,,,, 
 S+.POS.AMP.CTRL., TH01,7,8,9.3, ,,,,,,,,,,,,, 
 S+.POS.AMP.CTRL., D13S317,10,11, , ,,,,,,,,,,,,, 
 S+.POS.AMP.CTRL., D16S539,10,11,12, ,,,,,,,,,,,,, 
 S+.POS.AMP.CTRL., D2S1338,18,19,22,23,,,,,,,,,,,,, 
 S+.POS.AMP.CTRL., D19S433,13,14,15, ,,,,,,,,,,,,, 
 S+.POS.AMP.CTRL., vWA,16,17,18, ,,,,,,,,,,,,, 
 S+.POS.AMP.CTRL., TPOX,7,8, , ,,,,,,,,,,,,, 
 S+.POS.AMP.CTRL., D18S51,14,15,18,19,,,,,,,,,,,,, 
 S+.POS.AMP.CTRL., AMEL, X, , , ,,,,,,,,,,,,, 
 B+.POS.AMP.CTRL., D8S1179,12,13, , ,,,,,,,,,,,,, 
 B+.POS.AMP.CTRL., D21S11,29,30, , ,,,,,,,,,,,,, 
 B+.POS.AMP.CTRL., D7S820,9,10,11, ,,,,,,,,,,,,, 
 B+.POS.AMP.CTRL., CSF1PO,9,10,11,12,,,,,,,,,,,,, 
 B+.POS.AMP.CTRL., D3S1358,13,14,15, ,,,,,,,,,,,,, 
 B+.POS.AMP.CTRL., TH01,7,8,9.3, ,,,,,,,,,,,,, 
 B+.POS.AMP.CTRL., D13S317,10,11, , ,,,,,,,,,,,,, 
 B+.POS.AMP.CTRL., D16S539,10,11,12, ,,,,,,,,,,,,, 
 B+.POS.AMP.CTRL., D2S1338,18,19,22,23,,,,,,,,,,,,, 
 B+.POS.AMP.CTRL., D19S433,13,14,15, ,,,,,,,,,,,,, 
 B+.POS.AMP.CTRL., vWA,16,17,18, ,,,,,,,,,,,,, 
 B+.POS.AMP.CTRL., TPOX,7,8, , ,,,,,,,,,,,,, 
 B+.POS.AMP.CTRL., D18S51,14,15,18,19,,,,,,,,,,,,, 
 B+.POS.AMP.CTRL., AMEL, X, , , ,,,,,,,,,,,,, 
 B+.POS.AMP.CTRL., D5S818,10,11, , ,,,,,,,,,,,,, 
 B+.POS.AMP.CTRL., FGA,22,23,24, ,,,,,,,,,,,,, 
 C+.POS.AMP.CTRL., D8S1179,12,13, , ,,,,,,,,,,,,, 
 C+.POS.AMP.CTRL., D21S11,29,30, , ,,,,,,,,,,,,, 
 C+.POS.AMP.CTRL., D7S820,9,10,11, ,,,,,,,,,,,,, 
 C+.POS.AMP.CTRL., CSF1PO,9,10,11,12,,,,,,,,,,,,, 
 C+.POS.AMP.CTRL., D3S1358,13,14,15, ,,,,,,,,,,,,, 
 C+.POS.AMP.CTRL., TH01,8,9.3, , ,,,,,,,,,,,,, 
 C+.POS.AMP.CTRL., D13S317,10,11, , ,,,,,,,,,,,,, 
 C+.POS.AMP.CTRL., D16S539,10,11,12, ,,,,,,,,,,,,, 
 C+.POS.AMP.CTRL., D2S1338,18,19,22,23,,,,,,,,,,,,, 
 C+.POS.AMP.CTRL., D19S433,13,14,15, ,,,,,,,,,,,,, 
 C+.POS.AMP.CTRL., vWA,16,17,18, ,,,,,,,,,,,,, 
 C+.POS.AMP.CTRL., TPOX,8, , , ,,,,,,,,,,,,, 
 C+.POS.AMP.CTRL., D18S51,14,15,18,19,,,,,,,,,,,,, 
 C+.POS.AMP.CTRL., AMEL, X, , , ,,,,,,,,,,,,, 
 C+.POS.AMP.CTRL., D5S818,10,11, , ,,,,,,,,,,,,, 
 C+.POS.AMP.CTRL., FGA,22,23,24, ,,,,,,,,,,,,, 
 R+R.M100763.POS.AMP.CTRL.REAMP., D21S11,29,30, , ,,,,,,,,,,,,, 
 R+R.M100763.POS.AMP.CTRL.REAMP., D7S820,9,10,11, ,,,,,,,,,,,,, 
 R+R.M100763.POS.AMP.CTRL.REAMP., CSF1PO,9,10,11,12,,,,,,,,,,,,, 
 R+R.M100763.POS.AMP.CTRL.REAMP., D3S1358,13,14,15, ,,,,,,,,,,,,, 
 R+R.M100763.POS.AMP.CTRL.REAMP., TH01,8,9.3, , ,,,,,,,,,,,,, 
 R+R.M100763.POS.AMP.CTRL.REAMP., D13S317,10,11, , ,,,,,,,,,,,,, 
 R+R.M100763.POS.AMP.CTRL.REAMP., D16S539,10,11,12, ,,,,,,,,,,,,, 
 R+R.M100763.POS.AMP.CTRL.REAMP., D2S1338,18,19,22,23,,,,,,,,,,,,, 
 R+R.M100763.POS.AMP.CTRL.REAMP., D19S433,13,14,15, ,,,,,,,,,,,,, 
 R+R.M100763.POS.AMP.CTRL.REAMP., vWA,16,17,18, ,,,,,,,,,,,,, 
 R+R.M100763.POS.AMP.CTRL.REAMP., TPOX,8, , , ,,,,,,,,,,,,, 
 R+R.M100763.POS.AMP.CTRL.REAMP., D18S51,14,15,18,19,,,,,,,,,,,,, 
 R+R.M100763.POS.AMP.CTRL.REAMP., AMEL, X, , , ,,,,,,,,,,,,, 
 R+R.M100763.POS.AMP.CTRL.REAMP., D5S818,10,11, , ,,,,,,,,,,,,, 
 R+R.M100763.POS.AMP.CTRL.REAMP., FGA,22,23,24, ,,,,,,,,,,,,, 
 R+R.M100763.POS.AMP.CTRL.REAMP., D8S1179,12,13, , ,,,,,,,,,,,,, 