Sample Name, Marker, Allele 1, Height 1, Allele 2, Height 2, Allele 3, Height 3, Allele 4, Height 4, Allele 5, Height 5, Allele 6, Height 6, Allele 7, Height 7, Allele 8, Height 8, Allele 9, Height 9, Allele 10, Height 10, 
B+.POS.AMP.CTRL., D8S1179, 12, 234, 13, 3790, , , , , , , , , , , , , , , , , 
B+.POS.AMP.CTRL., D21S11, 29, 213, 30, 3175, , , , , , , , , , , , , , , , , 
B+.POS.AMP.CTRL., D7S820, 9, 45, 10, 1099, 11, 779, , , , , , , , , , , , , , , 
B+.POS.AMP.CTRL., CSF1PO, 9, 60, 10, 1598, 11, 75, 12, 1334, , , , , , , , , , , , , 
B+.POS.AMP.CTRL., D3S1358, 13, 163, 14, 2665, 15, 3125, , , , , , , , , , , , , , , 
B+.POS.AMP.CTRL., TH01, 7, 40, 8, 1425, 9.3, 1095, , , , , , , , , , , , , , , 
B+.POS.AMP.CTRL., D13S317, 10, 145, 11, 4406, , , , , , , , , , , , , , , , , 
B+.POS.AMP.CTRL., D16S539, 10, 133, 11, 2610, 12, 2171, , , , , , , , , , , , , , , 
B+.POS.AMP.CTRL., D2S1338, 18, 66, 19, 989, 22, 81, 23, 1061, , , , , , , , , , , , , 
B+.POS.AMP.CTRL., D19S433, 13, 131, 14, 1541, 15, 1806, , , , , , , , , , , , , , , 
B+.POS.AMP.CTRL., vWA, 16, 153, 17, 2356, 18, 2150, , , , , , , , , , , , , , , 
B+.POS.AMP.CTRL., TPOX, 7, 57, 8, 3122, , , , , , , , , , , , , , , , , 
B+.POS.AMP.CTRL., D18S51, 14, 86, 15, 1146, 18, 110, 19, 976, , , , , , , , , , , , , 
B+.POS.AMP.CTRL., AMEL, X, 3608, , , , , , , , , , , , , , , , , , , 
B+.POS.AMP.CTRL., D5S818, 10, 154, 11, 3263, , , , , , , , , , , , , , , , , 
B+.POS.AMP.CTRL., FGA, 22, 75, 23, 1008, 24, 1027, , , , , , , , , , , , , , , 
C+.POS.AMP.CTRL., D8S1179, 12, 282, 13, 5285, 14, 31, , , , , , , , , , , , , , , 
C+.POS.AMP.CTRL., D21S11, 29, 203, 30, 3398, 31, 30, , , , , , , , , , , , , , , 
C+.POS.AMP.CTRL., D7S820, 10, 616, 11, 502, , , , , , , , , , , , , , , , , 
C+.POS.AMP.CTRL., CSF1PO, 10, 941, 12, 753, , , , , , , , , , , , , , , , , 
C+.POS.AMP.CTRL., D3S1358, 13, 189, 14, 3852, 15, 3433, , , , , , , , , , , , , , , 
C+.POS.AMP.CTRL., TH01, 8, 2357, 9.3, 1584, , , , , , , , , , , , , , , , , 
C+.POS.AMP.CTRL., D13S317, 10, 108, 11, 3577, , , , , , , , , , , , , , , , , 
C+.POS.AMP.CTRL., D16S539, 10, 126, 11, 2602, 12, 2027, , , , , , , , , , , , , , , 
C+.POS.AMP.CTRL., D2S1338, 18, 73, 19, 1164, 22, 72, 23, 937, , , , , , , , , , , , , 
C+.POS.AMP.CTRL., D19S433, 13, 209, 14, 2967, 15, 2629, , , , , , , , , , , , , , , 
C+.POS.AMP.CTRL., vWA, 16, 237, 17, 4045, 18, 3905, , , , , , , , , , , , , , , 
C+.POS.AMP.CTRL., TPOX, 7, 48, 8, 4858, , , , , , , , , , , , , , , , , 
C+.POS.AMP.CTRL., D18S51, 14, 54, 15, 723, 18, 57, 19, 491, , , , , , , , , , , , , 
C+.POS.AMP.CTRL., AMEL, X, 4786, , , , , , , , , , , , , , , , , , , 
C+.POS.AMP.CTRL., D5S818, 10, 188, 11, 4600, , , , , , , , , , , , , , , , , 
C+.POS.AMP.CTRL., FGA, 23, 938, 24, 848, , , , , , , , , , , , , , , , , 
C+.POS.AMP.CTRL., D8S1179, 12, 168, 13, 2938, , , , , , , , , , , , , , , , , 
C+.POS.AMP.CTRL., D21S11, 29, 113, 30, 1978, , , , , , , , , , , , , , , , , 
C+.POS.AMP.CTRL., D7S820, 9, 32, 10, 916, 11, 778, , , , , , , , , , , , , , , 
C+.POS.AMP.CTRL., CSF1PO, 9, 30, 10, 908, 11, 47, 12, 930, , , , , , , , , , , , , 
C+.POS.AMP.CTRL., D3S1358, 13, 63, 14, 1254, 15, 1370, , , , , , , , , , , , , , , 
C+.POS.AMP.CTRL., TH01, 8, 624, 9.3, 747, , , , , , , , , , , , , , , , , 
C+.POS.AMP.CTRL., D13S317, 10, 82, 11, 2401, , , , , , , , , , , , , , , , , 
C+.POS.AMP.CTRL., D16S539, 10, 53, 11, 1261, 12, 1211, , , , , , , , , , , , , , , 
C+.POS.AMP.CTRL., D2S1338, 18, 47, 19, 697, 22, 42, 23, 644, , , , , , , , , , , , , 
C+.POS.AMP.CTRL., D19S433, 13, 75, 14, 954, 15, 758, , , , , , , , , , , , , , , 
C+.POS.AMP.CTRL., vWA, 16, 75, 17, 1154, 18, 1137, , , , , , , , , , , , , , , 
C+.POS.AMP.CTRL., TPOX, 8, 1771, , , , , , , , , , , , , , , , , , , 
C+.POS.AMP.CTRL., D18S51, 14, 51, 15, 698, 18, 56, 19, 559, , , , , , , , , , , , , 
C+.POS.AMP.CTRL., AMEL, X, 1788, , , , , , , , , , , , , , , , , , , 
C+.POS.AMP.CTRL., D5S818, 10, 76, 11, 1491, , , , , , , , , , , , , , , , , 
C+.POS.AMP.CTRL., FGA, 22, 34, 23, 501, 24, 440, , , , , , , , , , , , , , , 
E+.M100535.POS.AMP.CTRL., D8S1179, 12, 278, 13, 4983, 14, 32, , , , , , , , , , , , , , , 
E+.M100535.POS.AMP.CTRL., D21S11, 29, 217, 30, 3572, , , , , , , , , , , , , , , , , 
E+.M100535.POS.AMP.CTRL., D7S820, 9, 33, 10, 973, 11, 1006, , , , , , , , , , , , , , , 
E+.M100535.POS.AMP.CTRL., CSF1PO, 9, 35, 10, 1249, 11, 44, 12, 1310, , , , , , , , , , , , , 
E+.M100535.POS.AMP.CTRL., D3S1358, 13, 127, 14, 2859, 15, 2893, , , , , , , , , , , , , , , 
E+.M100535.POS.AMP.CTRL., TH01, 7, 52, 8, 1889, 9.3, 2111, , , , , , , , , , , , , , , 
E+.M100535.POS.AMP.CTRL., D13S317, 10, 99, 11, 3197, , , , , , , , , , , , , , , , , 
E+.M100535.POS.AMP.CTRL., D16S539, 10, 99, 11, 2550, 12, 3146, , , , , , , , , , , , , , , 
E+.M100535.POS.AMP.CTRL., D2S1338, 18, 90, 19, 1514, 22, 112, 23, 1546, , , , , , , , , , , , , 
E+.M100535.POS.AMP.CTRL., D19S433, 13, 215, 14, 3031, 15, 2536, , , , , , , , , , , , , , , 
E+.M100535.POS.AMP.CTRL., vWA, 16, 246, 17, 3786, 18, 3656, , , , , , , , , , , , , , , 
E+.M100535.POS.AMP.CTRL., TPOX, 7, 81, 8, 5373, , , , , , , , , , , , , , , , , 
E+.M100535.POS.AMP.CTRL., D18S51, 14, 114, 15, 1400, 18, 110, 19, 933, , , , , , , , , , , , , 
E+.M100535.POS.AMP.CTRL., AMEL, X, 4986, , , , , , , , , , , , , , , , , , , 
E+.M100535.POS.AMP.CTRL., D5S818, 10, 156, 11, 4127, , , , , , , , , , , , , , , , , 
E+.M100535.POS.AMP.CTRL., FGA, 22, 116, 23, 1449, 24, 1086, , , , , , , , , , , , , , , 
R+.M100535.POS.AMP.CTRL., D8S1179, 12, 359, 13, 6371, 14, 32, , , , , , , , , , , , , , , 
R+.M100535.POS.AMP.CTRL., D21S11, 29, 242, 30, 4175, , , , , , , , , , , , , , , , , 
R+.M100535.POS.AMP.CTRL., D7S820, 9, 37, 10, 1112, 11, 951, , , , , , , , , , , , , , , 
R+.M100535.POS.AMP.CTRL., CSF1PO, 9, 43, 10, 1523, 11, 52, 12, 1510, , , , , , , , , , , , , 
R+.M100535.POS.AMP.CTRL., D3S1358, 13, 174, 14, 3553, 15, 2989, , , , , , , , , , , , , , , 
R+.M100535.POS.AMP.CTRL., TH01, 7, 49, 8, 2027, 9.3, 2138, , , , , , , , , , , , , , , 
R+.M100535.POS.AMP.CTRL., D13S317, 10, 108, 11, 3773, , , , , , , , , , , , , , , , , 
R+.M100535.POS.AMP.CTRL., D16S539, 10, 142, 11, 3291, 12, 2985, , , , , , , , , , , , , , , 
R+.M100535.POS.AMP.CTRL., D2S1338, 18, 120, 19, 1752, 22, 113, 23, 1638, , , , , , , , , , , , , 
R+.M100535.POS.AMP.CTRL., D19S433, 13, 223, 14, 3101, 15, 2553, , , , , , , , , , , , , , , 
R+.M100535.POS.AMP.CTRL., vWA, 16, 276, 17, 4294, 18, 3345, , , , , , , , , , , , , , , 
R+.M100535.POS.AMP.CTRL., TPOX, 7, 91, 8, 5838, , , , , , , , , , , , , , , , , 
R+.M100535.POS.AMP.CTRL., D18S51, 14, 135, 15, 1699, 18, 111, 19, 1068, , , , , , , , , , , , , 
R+.M100535.POS.AMP.CTRL., AMEL, X, 6047, , , , , , , , , , , , , , , , , , , 
R+.M100535.POS.AMP.CTRL., D5S818, 10, 211, 11, 5243, , , , , , , , , , , , , , , , , 
R+.M100535.POS.AMP.CTRL., FGA, 22, 104, 23, 1437, 24, 1266, , , , , , , , , , , , , , , 
R+.POS.AMP.CTRL., D8S1179, 12, 274, 13, 5319, , , , , , , , , , , , , , , , , 
R+.POS.AMP.CTRL., D21S11, 29, 237, 30, 3861, , , , , , , , , , , , , , , , , 
R+.POS.AMP.CTRL., D7S820, 10, 567, 11, 551, , , , , , , , , , , , , , , , , 
R+.POS.AMP.CTRL., CSF1PO, 9, 32, 10, 1075, 11, 34, 12, 812, , , , , , , , , , , , , 
R+.POS.AMP.CTRL., D3S1358, 13, 171, 14, 3224, 15, 3799, , , , , , , , , , , , , , , 
R+.POS.AMP.CTRL., TH01, 8, 1651, 9.3, 2162, , , , , , , , , , , , , , , , , 
R+.POS.AMP.CTRL., D13S317, 10, 94, 11, 3338, , , , , , , , , , , , , , , , , 
R+.POS.AMP.CTRL., D16S539, 10, 113, 11, 2833, 12, 2273, , , , , , , , , , , , , , , 
R+.POS.AMP.CTRL., D2S1338, 18, 88, 19, 1251, 22, 81, 23, 1120, , , , , , , , , , , , , 
R+.POS.AMP.CTRL., D19S433, 13, 184, 14, 2545, 15, 2325, , , , , , , , , , , , , , , 
R+.POS.AMP.CTRL., vWA, 16, 217, 17, 3641, 18, 3532, , , , , , , , , , , , , , , 
R+.POS.AMP.CTRL., TPOX, 7, 56, 8, 4756, , , , , , , , , , , , , , , , , 
R+.POS.AMP.CTRL., D18S51, 14, 65, 15, 908, 18, 77, 19, 635, , , , , , , , , , , , , 
R+.POS.AMP.CTRL., AMEL, X, 4631, , , , , , , , , , , , , , , , , , , 
R+.POS.AMP.CTRL., D5S818, 10, 169, 11, 3930, , , , , , , , , , , , , , , , , 
R+.POS.AMP.CTRL., FGA, 22, 88, 23, 1070, 24, 915, , , , , , , , , , , , , , , 
R+R.M100763.POS.AMP.CTRL.REAMP., D8S1179, 12, 173, 13, 2941, , , , , , , , , , , , , , , , , 
R+R.M100763.POS.AMP.CTRL.REAMP., D21S11, 29, 146, 30, 2185, , , , , , , , , , , , , , , , , 
R+R.M100763.POS.AMP.CTRL.REAMP., D7S820, 9, 38, 10, 996, 11, 739, , , , , , , , , , , , , , , 
R+R.M100763.POS.AMP.CTRL.REAMP., CSF1PO, 9, 40, 10, 1131, 11, 68, 12, 1235, , , , , , , , , , , , , 
R+R.M100763.POS.AMP.CTRL.REAMP., D3S1358, 13, 80, 14, 1576, 15, 1565, , , , , , , , , , , , , , , 
R+R.M100763.POS.AMP.CTRL.REAMP., TH01, 8, 728, 9.3, 838, , , , , , , , , , , , , , , , , 
R+R.M100763.POS.AMP.CTRL.REAMP., D13S317, 10, 83, 11, 2467, , , , , , , , , , , , , , , , , 
R+R.M100763.POS.AMP.CTRL.REAMP., D16S539, 10, 76, 11, 1575, 12, 1144, , , , , , , , , , , , , , , 
R+R.M100763.POS.AMP.CTRL.REAMP., D2S1338, 18, 42, 19, 685, 22, 51, 23, 681, , , , , , , , , , , , , 
R+R.M100763.POS.AMP.CTRL.REAMP., D19S433, 13, 71, 14, 1016, 15, 909, , , , , , , , , , , , , , , 
R+R.M100763.POS.AMP.CTRL.REAMP., vWA, 16, 62, 17, 1133, 18, 1061, , , , , , , , , , , , , , , 
R+R.M100763.POS.AMP.CTRL.REAMP., TPOX, 8, 1814, , , , , , , , , , , , , , , , , , , 
R+R.M100763.POS.AMP.CTRL.REAMP., D18S51, 14, 63, 15, 798, 18, 97, 19, 908, , , , , , , , , , , , , 
R+R.M100763.POS.AMP.CTRL.REAMP., AMEL, X, 1723, , , , , , , , , , , , , , , , , , , 
R+R.M100763.POS.AMP.CTRL.REAMP., D5S818, 10, 73, 11, 1446, , , , , , , , , , , , , , , , , 
R+R.M100763.POS.AMP.CTRL.REAMP., FGA, 22, 49, 23, 599, 24, 539, , , , , , , , , , , , , , , 
S+.POS.AMP.CTRL., D8S1179, 12, 382, 13, 6607, 14, 36, , , , , , , , , , , , , , , 
S+.POS.AMP.CTRL., D21S11, 29, 270, 30, 4401, 31, 30, , , , , , , , , , , , , , , 
S+.POS.AMP.CTRL., D7S820, 9, 45, 10, 1090, 11, 1058, , , , , , , , , , , , , , , 
S+.POS.AMP.CTRL., CSF1PO, 9, 53, 10, 1812, 11, 76, 12, 1576, , , , , , , , , , , , , 
S+.POS.AMP.CTRL., D3S1358, 13, 226, 14, 4579, 15, 3958, , , , , , , , , , , , , , , 
S+.POS.AMP.CTRL., TH01, 7, 39, 8, 2163, 9.3, 1702, , , , , , , , , , , , , , , 
S+.POS.AMP.CTRL., D13S317, 10, 204, 11, 6312, , , , , , , , , , , , , , , , , 
S+.POS.AMP.CTRL., D16S539, 10, 122, 11, 2895, 12, 3137, , , , , , , , , , , , , , , 
S+.POS.AMP.CTRL., D2S1338, 18, 106, 19, 1478, 22, 123, 23, 1665, , , , , , , , , , , , , 
S+.POS.AMP.CTRL., D19S433, 13, 276, 14, 3710, 15, 2249, , , , , , , , , , , , , , , 
S+.POS.AMP.CTRL., vWA, 16, 306, 17, 4380, 18, 3009, , , , , , , , , , , , , , , 
S+.POS.AMP.CTRL., TPOX, 7, 72, 8, 5731, , , , , , , , , , , , , , , , , 
S+.POS.AMP.CTRL., D18S51, 14, 119, 15, 1580, 18, 154, 19, 1327, , , , , , , , , , , , , 
S+.POS.AMP.CTRL., AMEL, X, 5633, , , , , , , , , , , , , , , , , , , 
S+.POS.AMP.CTRL., D5S818, 10, 237, 11, 5576, , , , , , , , , , , , , , , , , 
S+.POS.AMP.CTRL., FGA, 22, 109, 23, 1669, 24, 1296, , , , , , , , , , , , , , , 
